{
    "1": {
        "losses": [
            3.3817789554595947,
            3.118762731552124,
            2.9201247692108154,
            2.6959822177886963,
            2.510638952255249,
            2.3714675903320312,
            2.264808177947998,
            2.1802122592926025,
            2.1079800128936768,
            2.045830726623535,
            1.9920804500579834,
            1.9437212944030762,
            1.9020739793777466,
            1.8634744882583618,
            1.8276971578598022,
            1.7951582670211792,
            1.7654765844345093,
            1.7380716800689697,
            1.7126575708389282,
            1.695353627204895
        ],
        "accuracies": [
            0.0,
            0.035386621952056885,
            0.045242536813020706,
            0.06048678234219551,
            0.07134676724672318,
            0.07976031303405762,
            0.08643994480371475,
            0.09198524802923203,
            0.09682190418243408,
            0.1010720282793045,
            0.10492903739213943,
            0.10827730596065521,
            0.11125126481056213,
            0.11399205774068832,
            0.11651954799890518,
            0.11893384158611298,
            0.121123768389225,
            0.12317762523889542,
            0.12511466443538666,
            0.126434788107872
        ],
        "epoch_times": {
            "513.6984660625458": [
                0.8083064556121826,
                27.235615968704224,
                27.00898313522339,
                26.95541262626648,
                27.494704008102417,
                27.359070301055908,
                27.615636587142944,
                27.060846090316772,
                27.16249394416809,
                27.31164574623108,
                27.45042634010315,
                27.64529275894165,
                27.73786425590515,
                27.34634828567505,
                27.291364669799805,
                27.40689969062805,
                27.40009641647339,
                27.553420543670654,
                27.491806507110596,
                20.348408699035645
            ]
        }
    }
}