{
    "1": {
        "losses": [
            4.752527713775635,
            2.385037660598755,
            2.1408615112304688,
            2.0321738719940186,
            1.9644622802734375,
            1.9098823070526123,
            1.867755651473999,
            1.8351460695266724,
            1.8052557706832886,
            1.7814862728118896,
            1.7580952644348145,
            1.736496925354004,
            1.7176220417022705,
            1.7080466747283936
        ],
        "accuracies": [
            0.01116071455180645,
            0.17032797634601593,
            0.19867737591266632,
            0.21148626506328583,
            0.22004976868629456,
            0.22605013847351074,
            0.23044368624687195,
            0.23422375321388245,
            0.23756715655326843,
            0.24018575251102448,
            0.2425442934036255,
            0.24483728408813477,
            0.2469082623720169,
            0.24788124859333038
        ],
        "epoch_times": {
            "327.2301986217499": [
                1.0435256958007812,
                26.07112765312195,
                26.123716354370117,
                26.291481256484985,
                25.983453273773193,
                25.751184701919556,
                26.04213857650757,
                26.19401741027832,
                26.141045093536377,
                25.703585386276245,
                26.24470019340515,
                26.29571294784546,
                26.27884340286255,
                13.062154769897461
            ],
            "324.0965588092804": [
                0.3684399127960205,
                26.24636459350586,
                26.35538673400879,
                26.38476848602295,
                26.227855682373047,
                26.116533517837524,
                26.31996512413025,
                26.042967319488525,
                26.180930376052856,
                25.96029281616211,
                24.95395588874817,
                25.211166620254517,
                25.209162712097168,
                12.513896703720093
            ]
        }
    },
    "2": {
        "losses": [
            4.752527713775635,
            2.385037660598755,
            2.1408615112304688,
            2.0321738719940186,
            1.9644622802734375,
            1.9098823070526123,
            1.867755651473999,
            1.8351460695266724,
            1.8052557706832886,
            1.7814862728118896,
            1.7580952644348145,
            1.736496925354004,
            1.7176220417022705,
            1.7080466747283936,
            1.314039945602417,
            1.410728096961975,
            1.4094983339309692,
            1.4030076265335083,
            1.402416706085205,
            1.4023430347442627,
            1.39946448802948,
            1.3965505361557007,
            1.3947316408157349,
            1.3918761014938354,
            1.390059471130371,
            1.389117956161499,
            1.3888449668884277,
            1.3893557786941528
        ],
        "accuracies": [
            0.01116071455180645,
            0.17032797634601593,
            0.19867737591266632,
            0.21148626506328583,
            0.22004976868629456,
            0.22605013847351074,
            0.23044368624687195,
            0.23422375321388245,
            0.23756715655326843,
            0.24018575251102448,
            0.2425442934036255,
            0.24483728408813477,
            0.2469082623720169,
            0.24788124859333038,
            0.2689732015132904,
            0.27764764428138733,
            0.27740761637687683,
            0.2779240310192108,
            0.277988076210022,
            0.2782715857028961,
            0.2786204516887665,
            0.2789812386035919,
            0.27931880950927734,
            0.2794749438762665,
            0.2797882854938507,
            0.2799930274486542,
            0.28001776337623596,
            0.27994462847709656
        ],
        "epoch_times": {
            "327.2301986217499": [
                1.0435256958007812,
                26.07112765312195,
                26.123716354370117,
                26.291481256484985,
                25.983453273773193,
                25.751184701919556,
                26.04213857650757,
                26.19401741027832,
                26.141045093536377,
                25.703585386276245,
                26.24470019340515,
                26.29571294784546,
                26.27884340286255,
                13.062154769897461
            ],
            "324.0965588092804": [
                0.3684399127960205,
                26.24636459350586,
                26.35538673400879,
                26.38476848602295,
                26.227855682373047,
                26.116533517837524,
                26.31996512413025,
                26.042967319488525,
                26.180930376052856,
                25.96029281616211,
                24.95395588874817,
                25.211166620254517,
                25.209162712097168,
                12.513896703720093
            ]
        }
    }
}